id_coleta,id_cooperado,id_veiculo,data_hora_coleta,volume_coletado_l,temperatura_c,distancia_percorrida_km
61b7249e-c79f-4e12-a274-c2a68fbdc311,51,8,2026-04-26 09:10:29.564361,4399.83,4.6,205.2
23adcc64-17d8-42e2-ac8b-734eda583e6d,110,9,2026-05-01 17:10:29.564361,14196.99,5.5,51.2
720371a2-7203-4143-a852-50b3c9cf0d9e,35,9,2026-05-04 07:10:29.564361,12080.26,5.6,213.5
15fb32a1-b148-49ac-9b8f-5234bb0b17fd,8,1,2026-04-18 21:10:29.564361,3210.8,5.8,243.5
19ab3daa-6135-4262-8ec4-07eee966924c,46,2,2026-05-02 17:10:29.564361,6603.81,4.8,63.1
6db4385a-e3f1-4fc1-852b-de9299386e3c,48,5,2026-05-05 15:10:29.564361,9292.31,4.3,28.0
7a4a6dff-6487-49d0-a6f1-225d4be2664a,22,3,2026-05-08 13:10:29.564361,2393.5,5.6,159.6
5b679d3e-7107-4b1d-8da8-dfe448445226,21,2,2026-05-14 16:10:29.564361,5522.9,4.9,73.8
c3c9afe7-82f8-4d07-b209-2f428e965959,49,3,2026-05-02 03:10:29.564361,8940.31,3.5,8.8
d565c22f-ae40-4ce6-941c-d7a865b6d91c,29,8,2026-05-02 05:10:29.564361,4594.94,3.2,99.3
83eecfbe-c20a-4cb2-883f-281583c3aeed,33,7,2026-04-18 09:10:29.564361,7978.74,4.3,28.8
faa50a10-823f-4367-9042-1ea67816742e,22,15,2026-05-07 17:10:29.564361,3696.42,5.4,38.5
2afb3f26-7968-4428-b1b0-590f63007a1b,48,6,2026-04-22 01:10:29.564361,11552.46,5.7,130.3
c43b9c75-0f92-4f70-aa3a-864fb2b1970d,36,9,2026-04-28 11:10:29.564361,9296.99,5.6,87.8
a6ab7275-734a-4c50-9d3e-f4ef1bfd660e,34,12,2026-04-17 14:10:29.564361,6417.05,5.9,210.5
48e231d6-1e54-4e68-97c9-68d9a39ae367,22,10,2026-05-02 11:10:29.564361,465.05,3.3,207.8
fa3529fb-4f32-4864-a4c5-451ee0dea655,44,12,2026-04-26 20:10:29.564361,4398.29,3.6,176.4
1cda337f-adee-4b6a-87e9-b0a7dc11818b,16,8,2026-04-28 09:10:29.564361,2500.8,3.1,112.5
cd9cf66c-b3cb-4b2b-bd13-8bd6c8e18f2a,26,7,2026-04-20 12:10:29.564361,1244.35,2.2,229.2
b7fe05f1-23a8-452d-be53-a6b33fd3ee3a,34,15,2026-05-15 13:10:29.564361,10211.53,5.8,185.8
44bd40ce-b394-4828-9d66-20fd69e8ee08,5,15,2026-05-07 14:10:29.564361,775.18,2.5,88.8
e9225eef-dcf8-4787-ad37-5aeda032717f,5,12,2026-04-30 08:10:29.564361,3027.29,2.1,192.0
5813cbeb-dd5c-449a-b5a4-a7ad6679b33c,39,5,2026-04-18 16:10:29.564361,6675.13,11.4,96.8
5ca73dff-39f3-4e9a-ba46-f590658596ec,19,10,2026-05-10 16:10:29.564361,5170.15,5.8,236.3
a4258517-cd8d-4c60-8f1d-0057292171da,32,12,2026-05-12 11:10:29.564361,5509.46,3.8,138.7
46ca0598-40e2-46a0-91ed-7644597f330a,12,5,2026-04-17 16:10:29.564361,13700.85,2.3,29.7
ef3a7d90-3062-4b61-88c6-81d18b35174c,50,2,2026-04-18 14:10:29.564361,769.17,2.1,204.5
eec29300-d8bc-4e33-9a2e-bb21751ed79d,7,9,2026-04-19 12:10:29.564361,5028.96,11.8,48.5
7a83bbbc-e379-4127-ba41-d6a9f36206ba,24,9,2026-04-18 08:10:29.564361,10452.82,4.3,217.4
99f7c1c6-0d98-4ba3-b20c-217f360c5926,12,5,2026-05-02 14:10:29.564361,10724.83,5.6,128.8
67e7a2be-2ef6-42a8-ad4e-cb0b6f428167,22,9,2026-04-28 10:10:29.564361,5607.2,,226.8
247eba23-5f44-428c-a2f9-96861ced2668,9,12,2026-04-22 05:10:29.564361,6461.64,2.3,27.5
9d5dd1ef-1090-4fc8-bbfb-d2a9d733fcce,25,12,2026-05-05 12:10:29.564361,7172.32,2.4,126.1
5ffecdef-23e4-4b68-a38d-ff232b28941b,14,7,2026-05-10 20:10:29.564361,10529.05,5.9,173.6
dc5d73b0-0250-4a0d-a87b-589e35bb2868,44,10,2026-05-01 21:10:29.564361,890.6,5.3,178.0
885747ef-5984-4962-9723-9b35dd8331cd,29,5,2026-04-19 21:10:29.564361,14060.95,5.3,237.1
f0d0c7bd-fac8-4322-b8cd-50fd77d1ea16,45,9,2026-04-18 19:10:29.564361,5424.07,4.2,108.9
1e3ee32b-9e2a-47d8-af33-b5891c33de77,19,10,2026-04-21 18:10:29.564361,2484.61,5.0,193.0
2d18fc0e-494b-43ad-ac26-42bb8c1aa53c,41,15,2026-04-21 16:10:29.564361,9736.71,3.9,25.3
4fb725da-b866-433b-9566-e24488512c62,38,1,2026-05-05 21:10:29.564361,3829.81,3.3,15.6
34ca12cf-ae5a-4641-b88d-25f3426b2f6f,11,5,2026-05-12 20:10:29.564361,3679.81,2.7,58.1
d5b3596e-8127-4325-8cc6-3e6095fb68ab,31,15,2026-04-16 12:10:29.564361,9961.49,5.7,239.9
22d14a4c-9fff-43ea-8667-86669fcdcbb5,38,8,2026-04-27 15:10:29.564361,2983.62,3.9,91.6
2eddb2d4-2d0d-4e57-b9d4-c91859a940e3,28,2,2026-05-12 20:10:29.564361,9259.31,4.1,80.8
367f6753-238e-4c1c-b8ac-c45185218e12,13,4,2026-05-13 07:10:29.564361,2401.03,5.8,182.8
4e4cc4a4-43c0-4c95-bf42-ea064d03ff14,25,15,2026-04-17 01:10:29.564361,13298.11,-4.8,122.7
43bbf7bb-4894-499e-b787-50895ddabcbd,49,15,2026-04-26 12:10:29.564361,10706.53,4.3,20.6
e97311b1-cae8-41f4-9084-2d4f076f7ab1,35,9,2026-04-16 12:10:29.564361,897.71,6.0,249.2
997dda59-2d72-4ccb-9781-8a795c358087,23,5,2026-04-20 12:10:29.564361,13468.44,3.8,36.6
55d8dfa6-7908-4bc8-83cd-d56619cd65ab,45,3,2026-04-27 19:10:29.564361,2249.24,3.4,32.8
764aef03-ed57-4ee7-94eb-ae20bad0d613,34,10,2026-05-07 13:10:29.564361,7914.89,5.9,26.7
a28c81ef-e9e6-442b-97c8-8ef38e333631,17,11,2026-05-01 06:10:29.564361,2055.49,5.2,226.3
2b27a100-c42c-4cc3-a11d-7c10e9e826b0,34,12,2026-04-21 09:10:29.564361,5645.23,5.6,90.3
bdb4a082-1a0f-4e4a-9d4b-469a4d0f86ad,33,6,2026-05-09 06:10:29.564361,5711.08,5.8,41.0
3d321cfe-fcf4-4ae7-ab3e-acefae7340b9,17,8,2026-04-25 08:10:29.564361,1300.84,4.0,85.5
d5a7c8f8-1ef2-414a-9a71-d0e4179e36b7,43,11,2026-05-01 02:10:29.564361,452.76,2.6,39.0
3d1e9d8b-598d-4ea6-9376-81c090f224b7,4,8,2026-04-22 19:10:29.564361,1707.35,4.7,47.2
848544dc-edb1-4d99-9664-cad3737ad60a,19,10,2026-05-05 20:10:29.564361,3343.78,9.7,55.6
a13097dd-5042-41df-9a92-71d6db7e214c,49,2,2026-04-29 04:10:29.564361,3122.88,4.8,130.4
18c3677c-3e4e-4bf9-8c7f-032f983ca7d3,48,11,2026-05-14 08:10:29.564361,1387.48,2.7,56.3
9f6b83a0-9916-4e1b-be4b-6abd09c3ba01,22,15,2026-04-29 14:10:29.564361,7617.41,2.6,37.6
f7621657-06ab-4469-9746-9ad5d8d4e201,47,3,2026-05-08 05:10:29.564361,7146.39,,217.5
4b84d2ae-f1d7-4014-8824-041bd06ffc07,35,6,2026-05-04 06:10:29.564361,1583.9,4.3,211.0
605c195e-0b3d-45d6-b8e1-acaafd741bf5,26,6,2026-05-15 03:10:29.564361,3400.01,3.4,164.0
946ddb9b-b98b-49a3-a39c-5b2885f9455e,47,2,2026-04-19 06:10:29.564361,7026.13,4.3,97.8
49ee6235-2131-4953-a778-9f9d1a26f124,6,5,2026-05-04 17:10:29.564361,3557.6,5.7,6.8
125a3bea-e47a-4dbb-a8b9-ef77ca9439ce,6,5,2026-04-21 14:10:29.564361,7002.51,5.2,18.6
bde0d35f-0822-4cf8-81cf-87e4ffe2f8ae,3,9,2026-05-03 23:10:29.564361,9962.0,4.3,229.8
32be1862-b21d-465b-bc78-2018e5ec0634,6,15,2026-05-07 08:10:29.564361,7044.1,4.9,136.1
d652c505-0dca-4685-aa1f-7ec4240fdb44,45,10,2026-04-26 20:10:29.564361,1858.21,4.0,64.4
effa3459-678a-4b42-b5ec-a38b9db3f5ce,1,15,2026-05-11 05:10:29.564361,4184.12,3.9,135.5
b70ee124-ab13-43b6-a043-d8e2dee4aaa7,6,1,2026-05-03 15:10:29.564361,725.03,3.3,203.4
bbdfa331-8b60-4b86-8148-f56833e0f141,37,1,2026-04-24 08:10:29.564361,642.64,5.2,31.1
ecdb2697-963d-4bda-9721-6afeba560f65,44,5,2026-05-03 05:10:29.564361,13301.07,3.5,232.0
0fe0bd80-cd28-47f6-a97c-6fe2b958996f,29,6,2026-04-23 02:10:29.564361,11353.03,2.7,204.6
a6ec7bce-56ae-41b7-8d7c-cdb0caeace3f,14,11,2026-05-10 19:10:29.564361,1570.31,3.8,179.9
7e10e131-594f-4d3a-8d70-9d31a77f1ca3,38,3,2026-04-16 14:10:29.564361,4224.2,3.6,135.3
d76ef11c-b9ff-46ae-bd28-614e4711561e,40,5,2026-04-23 10:10:29.564361,7781.32,4.9,175.0
6e81a0ec-64ea-4f71-beab-ec7a67b05b7b,15,4,2026-04-29 16:10:29.564361,7648.47,2.6,81.4
b128aa55-7a7d-4bda-8761-354cc0f4b49e,27,5,2026-05-07 16:10:29.564361,574.48,5.5,88.8
3f96387d-42f7-4e0c-ad13-e4671dd5b94c,13,6,2026-04-29 19:10:29.564361,6566.55,4.2,124.2
fb083f54-31b5-4a9b-9eaa-a1611d275e2b,12,4,2026-04-27 17:10:29.564361,272.67,4.9,151.8
8effea7a-ff47-46a5-aef7-9eaef2be8a2d,11,4,2026-05-15 01:10:29.564361,4946.72,3.2,155.7
801a6715-2e02-4c9d-ace1-7d2b1de62745,13,10,2026-04-23 09:10:29.564361,5847.67,,218.7
5b6cf7e9-cb41-4dbf-86a2-b06a877396fc,44,12,2026-04-19 07:10:29.564361,6648.52,2.6,146.2
982d8b20-c480-42bf-a370-3e38b1daf7dc,9,10,2026-05-07 10:10:29.564361,7022.58,3.8,32.7
6d432375-c2c1-4c57-8203-3efc68ba25bd,26,5,2026-04-28 19:10:29.564361,1863.98,4.1,149.9
02fe23af-9f9d-46ec-a3b9-61bf17e1f947,47,5,2026-04-24 12:10:29.564361,4843.04,-2.7,216.6
a8936f3e-6067-48c2-88d3-b92b6486f4ac,2,6,2026-04-22 09:10:29.564361,6903.84,2.1,228.6
5056bbf8-e196-4f58-8f76-1f703091ae3a,24,6,2026-05-09 22:10:29.564361,2442.01,,81.3
6dbcfe35-e075-4b12-a38d-9f2b053f1d7c,43,13,2026-05-07 09:10:29.564361,6337.25,2.6,106.6
f8bfdc1d-00de-4ca5-ad68-984f8fb9f66b,40,12,2026-05-01 22:10:29.564361,5696.62,2.8,225.0
83e26739-db57-42ac-9525-145bc909eb24,29,14,2026-05-02 04:10:29.564361,3650.62,3.2,179.9
1b60ee48-d6b4-4707-bad1-bbeac9b1377a,2,2,2026-05-07 08:10:29.564361,3867.17,2.7,216.1
9d97c6a2-e835-495a-98fb-9ffb09acf339,3,7,2026-04-25 01:10:29.564361,12798.64,5.9,210.7
c5261324-1161-46bd-9115-f66e809dc6d0,29,7,2026-04-22 16:10:29.564361,7906.87,4.0,150.8
1f1c051d-ec05-4c0d-a09c-9b7ed2c646f1,47,9,2026-04-19 18:10:29.564361,12657.57,5.2,247.2
1a6dea83-91d5-478f-a3d1-3643b8cef92e,46,8,2026-04-26 07:10:29.564361,1946.9,3.2,224.6
563027a4-c1cc-4a39-a087-d928b85bff1e,10,7,2026-04-21 16:10:29.564361,3041.59,,49.5
845fb11a-2293-4d84-9217-fc1a0ebb8777,29,4,2026-05-13 09:10:29.564361,12731.3,3.0,98.0
f360e5d3-d0e5-4893-9495-89cc5db9adbb,12,7,2026-05-04 20:10:29.564361,4984.47,5.4,58.8
6cb56130-4c09-4772-8ff9-9411c60a2737,22,10,2026-04-27 15:10:29.564361,1173.84,3.9,49.6
ca8a7cc8-12bf-452b-b7b9-aeb0494a6c42,17,2,2026-04-29 00:10:29.564361,5191.36,2.6,209.6
4a95b2a2-4ba9-46b9-93bd-d2ea8a11d4c3,26,4,2026-05-11 04:10:29.564361,9880.79,4.1,204.7
93c50e48-58fe-4c68-8aaa-f14d2f7a4cf8,38,9,2026-04-17 08:10:29.564361,5834.26,2.4,39.3
623aa386-ed5c-48c8-8e0d-4a62870210d1,31,11,2026-04-20 23:10:29.564361,1265.9,4.3,210.3
73a637a6-973f-48a3-a60c-cb17363fd8f2,28,5,2026-05-15 05:10:29.564361,764.57,2.3,152.8
bf5d735b-0624-4e3c-a092-bc32446460e6,29,10,2026-05-06 02:10:29.564361,2813.72,3.2,143.8
ec7355d3-2fb2-48bc-95b4-b608d7dc49d4,47,2,2026-05-09 13:10:29.564361,1369.01,4.2,44.7
3ee0a7fb-0abe-4d7d-b240-90f9ee56bdd6,43,4,2026-05-02 04:10:29.564361,2288.61,3.4,91.1
c258cf4e-10bb-4eb5-b99d-bd31c3515942,25,1,2026-05-14 02:10:29.564361,2882.03,2.3,5.6
9a17d8fd-00fc-4e69-9087-cbff7f4ff78c,30,3,2026-04-20 17:10:29.564361,1069.08,5.8,198.6
4052f70e-a1d3-40c9-b210-2e99bd7bf351,49,9,2026-04-30 03:10:29.564361,7767.9,5.2,166.4
fb4cf4c4-0d26-4a4f-88e2-918a484c78ec,16,6,2026-04-20 23:10:29.564361,3632.8,6.0,236.3
e6337021-7117-4257-b3c8-49eeab053a5a,32,15,2026-04-25 07:10:29.564361,13192.26,5.7,13.3
b6e030ef-941a-4856-b108-bd0dc3cedefb,7,5,2026-04-24 10:10:29.564361,13180.21,3.9,216.2
2d43a8ab-edc3-40f5-ace2-4f9d2c5c3ef6,35,7,2026-05-03 01:10:29.564361,9220.34,4.2,122.9
56d18adb-cf78-440d-98b7-dc52ec465c3b,37,3,2026-04-25 23:10:29.564361,4245.7,5.2,136.9
37f598f9-571f-4322-95ca-d016bbbda5dd,25,6,2026-04-28 09:10:29.564361,7460.38,3.7,118.2
4885d8e7-5c3b-4406-b6d1-70c3e4811612,30,2,2026-05-12 14:10:29.564361,1843.45,2.3,7.3
b1cd3e94-b6c4-4d35-9954-5041f5178853,49,13,2026-05-14 12:10:29.564361,4609.94,3.6,27.5
d03936d0-e8aa-472c-bb0f-77cef84bae3e,39,15,2026-05-04 20:10:29.564361,10461.65,,119.5
38ad68ad-79b5-41e1-92a6-ea052a4efef4,30,8,2026-05-02 19:10:29.564361,3427.32,5.6,16.0
83b8fd9d-bfd7-47c8-bb77-dd97b9c3570e,49,15,2026-05-10 15:10:29.564361,1860.79,3.0,149.2
3ed172cd-2d2a-472a-b669-a741de322f46,46,7,2026-05-09 02:10:29.564361,12887.69,2.3,103.4
719f35b9-7f14-404a-a49d-198c08f535e6,45,13,2026-04-29 01:10:29.564361,541.29,1.7,19.2
84e4dd52-2514-4ed4-97dd-43c611a4ada7,23,15,2026-05-02 00:10:29.564361,13227.69,3.6,190.8
67af979e-2199-46b4-b83e-fe80ebb97806,17,14,2026-05-08 18:10:29.564361,7768.83,4.1,150.3
ce56fbf9-f9c3-4fe2-94b5-1782289a8795,37,14,2026-04-17 02:10:29.564361,8348.13,5.6,239.1
ccc4bbcb-d2fe-4434-9dbf-48db199a9a70,42,12,2026-04-24 06:10:29.564361,6259.27,3.6,96.3
2e29cc11-b3c0-428d-93d4-c72abf54b26c,5,8,2026-05-01 09:10:29.564361,476.86,2.3,213.5
e0b2746f-317a-4bd2-9ec2-d1f632d506f7,45,8,2026-05-15 10:10:29.564361,3934.77,4.3,70.4
2e14d422-96d9-4ee3-83de-8cfc36261bd6,24,6,2026-05-04 07:10:29.564361,9417.09,4.8,210.1
ba3bda72-e727-4e9f-8d5d-116ed5e1ea31,42,9,2026-04-18 21:10:29.564361,2777.48,3.9,220.4
6755d7de-a2f5-418a-bc46-7760a4bf468a,10,10,2026-04-26 12:10:29.564361,7088.98,5.3,129.3
2f1211be-d761-4f35-a50e-74f321741e7b,2,7,2026-04-28 05:10:29.564361,4719.04,3.5,7.2
2e83800d-aed4-4485-a9c8-990ea31428fe,35,13,2026-04-30 21:10:29.564361,2763.42,,110.9
06cbd1d5-5620-4b2c-ae9b-f05530b5968c,28,2,2026-05-13 06:10:29.564361,8861.06,4.8,21.6
f57b016d-117e-49d0-8609-393634650bdf,17,11,2026-04-27 13:10:29.564361,3394.86,2.3,213.8
a6b53d87-b433-46ea-b938-2ace73e9c21b,47,14,2026-05-14 03:10:29.564361,7146.73,2.1,10.4
9a63b0e3-effb-41ba-bfd8-78a03ae3b8a5,47,6,2026-04-30 10:10:29.564361,3673.0,,43.9
1dfe8d21-d6b9-4a02-9b02-44a89ec16db8,29,2,2026-04-19 08:10:29.564361,1060.62,5.3,78.1
6ca95551-736e-4cbc-b99b-848697ba510e,47,2,2026-04-29 11:10:29.564361,6252.41,2.6,110.9
7af04b66-e24b-43f9-98b2-31b54e7f5017,47,5,2026-04-30 20:10:29.564361,9135.14,5.9,105.3
7de029fd-307e-4f10-b635-ef7ba41433b2,38,12,2026-04-29 17:10:29.564361,2103.18,,164.7
9881ec0f-8993-4444-9987-8e61324a25b3,18,12,2026-04-30 03:10:29.564361,4548.17,5.5,195.3
77a1f0d2-e907-4bed-bb49-3cdc1aae17e3,27,15,2026-04-29 09:10:29.564361,10868.49,2.1,230.6
c34db4c8-dee7-46dd-88e1-c7a6a9ab30f9,20,3,2026-04-29 06:10:29.564361,4626.31,4.7,110.4
fc697d6c-ae35-4b75-a5ef-735b276b629c,48,6,2026-05-10 13:10:29.564361,8334.9,3.2,116.5
14a1ba07-6060-4bde-9bfd-5be30587b22b,21,8,2026-05-03 09:10:29.564361,2331.72,4.8,215.7
df6f7a5a-6b9a-42ea-8c0f-949884337c7f,41,6,2026-04-23 02:10:29.564361,6899.17,5.9,39.9
9d65df96-bf01-483f-9310-eab98ccd4f26,22,6,2026-05-13 11:10:29.564361,4996.13,2.3,135.9
e6dd93b8-42c0-49c6-b685-89b089654705,13,9,2026-05-14 16:10:29.564361,11766.87,5.9,54.2
46cc789d-28a9-4b09-b578-1272a03d3ad6,50,10,2026-04-29 17:10:29.564361,487.12,2.5,224.6
6c61695e-8e13-433e-a724-c5dfd45f9498,6,9,2026-04-23 22:10:29.564361,8773.16,5.8,158.2
263702ea-2778-4d24-bcd3-71b0701294cd,47,4,2026-05-11 22:10:29.564361,9450.6,5.1,122.8
27f19791-ee79-472d-947e-d16f2a2489bc,41,15,2026-05-13 01:10:29.564361,6306.29,4.6,122.4
916eaf5b-99f7-4c83-b026-4013262330de,19,3,2026-05-08 05:10:29.564361,3266.82,4.6,127.1
94569145-510d-4b95-accd-d44534377a99,6,2,2026-05-03 10:10:29.564361,2247.47,4.6,53.9
12f78d85-9831-4bd0-816f-a0a368c3bb25,29,3,2026-05-07 06:10:29.564361,2522.22,4.9,187.0
71edbcbc-b794-4059-baaa-a8400b41f99a,37,4,2026-04-19 03:10:29.564361,10963.29,4.1,149.1
8055cbae-b8bb-4c86-946f-704666076999,34,10,2026-04-18 17:10:29.564361,5718.6,6.0,74.5
68606f94-906c-4f49-a75d-bd841d362a0f,12,13,2026-04-18 04:10:29.564361,4478.64,5.1,104.3
73c99819-7ce6-4783-94fb-c5c350b4d1aa,23,14,2026-04-25 03:10:29.564361,3604.78,2.3,112.1
ea1d5974-6ed4-4bf4-a3ed-d6213410e010,47,6,2026-04-29 15:10:29.564361,8298.72,4.6,81.5
b135eff3-4fd0-483d-a37b-da25e80ea61b,2,12,2026-04-17 20:10:29.564361,184.89,3.6,63.1
e0fd4fbe-ea61-4116-9075-a89b44fc4f41,11,15,2026-04-24 18:10:29.564361,6354.64,4.7,40.7
312f2bcd-6e00-4683-b4e9-cc6383edbb61,20,5,2026-04-23 02:10:29.564361,13522.45,3.5,153.4
299cb3c9-b680-4097-bff9-a3adc08f65f6,37,15,2026-04-26 20:10:29.564361,11162.33,5.5,141.7
39d69d3a-a3ad-48b5-97fa-b303e0e7c4bc,20,11,2026-05-03 05:10:29.564361,365.45,2.2,34.9
ba5cb6c5-f264-4cd8-893c-d7d7b299ff19,37,6,2026-05-05 20:10:29.564361,1561.82,3.6,122.6
9bf976bd-a364-4374-8c57-7a64c1040f14,43,11,2026-05-14 17:10:29.564361,1602.56,3.0,132.8
525b71db-421f-438d-a724-5192d30227fc,44,7,2026-04-21 11:10:29.564361,1879.24,5.8,184.6
037b3488-50fa-4a97-91a3-cc87a52bf74c,50,8,2026-05-05 16:10:29.564361,3498.36,5.9,67.6
551600c8-3fce-4328-9790-8255884a8534,26,1,2026-04-26 01:10:29.564361,181.45,5.5,193.3
4f45c093-2827-4cfa-ac69-aa0da28f393e,8,11,2026-05-10 05:10:29.564361,4371.85,5.3,168.4
5ffb1ff9-7301-4407-bbb4-b6ce4839a760,26,9,2026-05-14 17:10:29.564361,14241.7,,244.4
1a9f2012-ac7b-48bf-b591-bb19a3efee16,25,9,2026-05-01 04:10:29.564361,11170.75,5.5,104.0
0e3055a0-a51e-44fb-90db-b085f3b00be5,4,14,2026-04-21 10:10:29.564361,7693.75,3.7,205.4
cf904e6e-8093-4d8b-948d-c7b6f9b73084,7,8,2026-05-10 12:10:29.564361,1609.32,4.8,100.2
03533118-4993-4e7e-a4f5-c018ad5947e6,33,9,2026-05-02 08:10:29.564361,6388.54,,148.8
5a756845-0523-4444-9050-49ed6c3ff4b1,46,8,2026-04-29 01:10:29.564361,3630.95,5.8,212.6
e1f6b003-f0a7-4443-9e14-28ae05710599,29,12,2026-05-11 03:10:29.564361,1500.52,3.9,101.6
d7814594-cbba-44e7-9967-bbc0f7c50f1c,6,7,2026-04-29 09:10:29.564361,10224.2,3.7,224.7
37d87c78-6258-4678-9384-c97157b0656d,15,5,2026-05-09 19:10:29.564361,13217.54,3.4,29.8
2c8e84e2-5936-48bd-92db-d7da326053be,4,13,2026-05-01 12:10:29.564361,2777.81,4.2,81.3
4763ee9f-919d-48e9-a7ea-76251cf80b6c,30,4,2026-05-02 17:10:29.564361,3957.63,2.7,171.9
7b3f3d2f-713e-4854-9932-45919e83e797,39,10,2026-04-27 22:10:29.564361,2875.62,5.7,109.0
09f94e98-5062-46cf-a812-21667e1853c1,7,6,2026-05-06 16:10:29.564361,5385.16,2.0,161.3
e6293cc3-005d-43f2-8829-2bd2c3332c62,22,5,2026-05-13 00:10:29.564361,11331.48,3.4,226.9
a2b1afae-ba08-4792-ac53-1c4f64e7d07f,16,8,2026-05-01 20:10:29.564361,1504.58,4.7,203.3
68244854-a5c0-4f51-a705-21de3f5cce6c,36,3,2026-04-24 16:10:29.564361,4085.08,5.5,120.9
d9d9b026-b57f-42c0-92f3-55b335a5454e,17,5,2026-05-07 07:10:29.564361,4518.65,4.6,67.9
3351f4b4-b867-41f7-92ee-a2e11dea5d5f,25,13,2026-04-16 18:10:29.564361,5712.24,3.8,182.5
bcf86184-de69-4fda-9702-60f0af94c94a,39,11,2026-05-09 05:10:29.564361,584.11,3.1,24.5
1d7907f4-70fe-451b-b04c-d46419ef116c,37,8,2026-04-15 19:10:29.564361,992.18,3.4,22.0
3f5cacd7-9904-4959-a51f-ebbdeda23e10,2,1,2026-05-12 20:10:29.564361,425.18,4.4,171.6
b0a3c516-f3b4-4fa4-be26-c57990c55927,3,12,2026-05-06 21:10:29.564361,591.99,6.0,114.4
d3329b90-f821-4eee-899a-8c29f27ebb90,8,4,2026-05-07 03:10:29.564361,1356.06,5.0,46.8
443de997-a9d0-4474-97f6-d93cf0735600,30,10,2026-05-10 14:10:29.564361,7207.94,5.2,232.2
1d8de4ed-6248-4e61-8e7a-8f39ee723bb7,23,13,2026-05-13 10:10:29.564361,1532.71,4.2,211.3
c9769255-d37a-4222-8795-20e271859360,20,5,2026-04-21 13:10:29.564361,1361.11,5.3,196.6
9ea5afc6-1bfc-4aa8-9672-17270cd08854,14,2,2026-04-18 16:10:29.564361,2237.16,3.4,63.6
32654d0f-b018-4ebe-b802-8ead9cfab1e8,11,1,2026-04-18 11:10:29.564361,1400.62,2.6,197.6
fbeb7c8e-db79-4782-b047-758fefaa5d20,22,15,2026-05-12 20:10:29.564361,5633.26,4.2,158.8
cbf42b1f-3997-449e-a26b-d4627d89db37,24,14,2026-04-25 05:10:29.564361,7675.7,2.3,103.7
32a0b566-3ede-4cf1-8e38-3bb1d24d4a79,27,2,2026-04-16 18:10:29.564361,3353.34,5.3,37.5
7680ffb5-f7eb-4853-a29d-33ae0f9fbe52,33,6,2026-04-19 05:10:29.564361,2069.65,3.3,238.4
74736371-9142-429e-8fed-ae48311159db,25,6,2026-04-28 12:10:29.564361,1822.93,2.9,24.6
dffb5640-721b-4bf9-845c-02556ea4fceb,32,12,2026-05-13 04:10:29.564361,8902.62,5.4,5.1
463f3b31-6652-46e8-b270-d23ff5170fb7,2,11,2026-05-13 14:10:29.564361,806.92,3.8,19.3
d94da113-e741-447d-86c9-e896c3d78a4b,50,11,2026-05-14 15:10:29.564361,1482.7,2.3,196.8
ac6db49a-1237-42a0-bd7c-c493bc0c5703,7,14,2026-05-01 07:10:29.564361,685.54,5.3,155.7
50dbf9e7-987f-46ac-afd5-59cc188e86b1,29,4,2026-05-04 19:10:29.564361,7557.64,5.5,115.2
647d230b-3bd9-4ee7-929e-e137529053da,35,13,2026-04-22 13:10:29.564361,7878.86,2.0,107.0
1bff2e12-3258-4618-8d24-9c048a13d599,21,11,2026-05-06 21:10:29.564361,1308.13,4.1,57.7
05de1cb6-8e1d-41b3-aa09-216c7e97ee9e,26,5,2026-05-03 04:10:29.564361,13908.61,4.0,31.9
97c4f9ae-f2eb-428b-967a-2a29146c10cd,11,12,2026-05-06 11:10:29.564361,2600.58,5.5,64.7
bcf0cf64-34e7-47d9-991b-80f0a0eb31e1,40,2,2026-04-18 00:10:29.564361,5872.36,5.8,37.6
747d96d8-004d-4245-a7a8-41360babfa5b,9,1,2026-04-23 16:10:29.564361,3861.31,5.7,67.0
f67d1919-8c30-4c39-b14e-e158bceefe5b,21,8,2026-05-13 02:10:29.564361,2403.85,2.9,222.9
3c8d4a53-6569-4d08-9984-54e52bb733f6,24,7,2026-04-28 10:10:29.564361,1595.56,2.2,14.3
18359138-7531-4830-b377-d39946f77c01,43,7,2026-04-16 04:10:29.564361,11450.15,-1.4,77.7
16125417-1ac3-44b2-8be3-64a69e861774,15,11,2026-05-03 22:10:29.564361,3744.87,4.2,208.5
7e960529-fd3c-49eb-9db9-2663aed4c638,10,8,2026-04-21 06:10:29.564361,482.1,5.1,158.0
134a934f-1776-496e-be41-bcb8844bd001,15,2,2026-05-02 18:10:29.564361,1241.03,4.6,134.9
77c19cde-2754-4538-a416-7f6dad348cbf,50,14,2026-04-25 12:10:29.564361,1277.2,3.9,230.5
a7c1e42f-47a5-461a-bb2b-a07541b0b6c1,34,12,2026-04-26 01:10:29.564361,3279.71,3.5,110.9
9bfdf3dc-cf2f-4783-8dd3-70f2e564fac0,25,12,2026-05-03 13:10:29.564361,2673.64,4.0,8.1
f90bccea-1fe4-478b-a177-62e650fcec57,35,5,2026-05-11 14:10:29.564361,12541.65,4.5,59.2
bdca0c37-4e8a-43a0-98a1-2d48f32ee848,8,14,2026-04-28 23:10:29.564361,5343.44,3.3,189.5
e46b0014-eaed-4b33-9557-cde5da35c430,22,9,2026-05-13 04:10:29.564361,2432.13,5.3,57.3
7755b04e-119c-4f6d-af49-6a6266c885cf,23,3,2026-05-09 03:10:29.564361,6988.33,4.0,77.9
a34e8272-225c-4c9f-b900-34d727201a8c,23,3,2026-05-13 22:10:29.564361,5525.42,2.6,141.7
068168b7-2d21-4af7-8ae1-918253db77c5,1,8,2026-04-26 20:10:29.564361,4198.75,5.5,166.1
f889d0a5-7b12-4573-ac8b-dcf28ab304d6,10,9,2026-05-06 05:10:29.564361,8816.19,5.1,140.8
7cd87d9c-be6f-40ce-a069-a3710500ea23,42,6,2026-05-11 13:10:29.564361,11882.43,,188.6
2d3c5226-7454-4f47-9600-b8aa05c08efb,20,5,2026-04-26 07:10:29.564361,2206.77,6.0,95.2
78a4c145-31c8-4b77-a09b-2d6894483f99,4,13,2026-05-05 01:10:29.564361,8430.24,3.7,175.4
12c1b377-50c9-4b84-af6a-9b66483d980c,10,5,2026-04-21 05:10:29.564361,5130.23,4.4,122.8
9c02de28-2fa5-4d30-8a23-a2a5e2afeddd,3,14,2026-05-08 20:10:29.564361,5551.85,4.4,170.7
fd1d43ef-44b4-4ad2-a60d-4c1d1af6af85,19,2,2026-05-13 10:10:29.564361,4783.6,3.3,197.3
f878f13f-6de1-4e20-ab51-a881ccf450dd,31,6,2026-04-19 10:10:29.564361,6328.82,3.7,26.7
f3f927db-aa7b-4112-a322-24c9d45b77da,49,4,2026-05-12 06:10:29.564361,14226.62,3.7,160.9
9a02abc2-7ab3-4529-9610-ef567088811f,27,15,2026-04-29 21:10:29.564361,14124.44,5.8,54.7
462dc639-74a0-4880-930c-921af18998c8,10,4,2026-05-02 18:10:29.564361,470.68,,208.8
6f78426e-e93c-440a-af81-2b1a982be64e,6,13,2026-05-02 04:10:29.564361,7456.27,2.9,97.3
d25a4216-b7e3-4207-931b-d3fd1515a997,20,5,2026-05-02 12:10:29.564361,6583.34,2.3,183.3
a9a6edf9-16c3-4368-acc3-a44ecba371a4,35,2,2026-04-16 15:10:29.564361,6957.38,4.4,38.2
6aacf469-abb2-4aee-b7fd-c03344cb6304,20,15,2026-05-08 19:10:29.564361,289.65,-4.7,227.0
16ab3e47-30e2-436a-982a-5fa1d5c4a540,10,8,2026-05-01 07:10:29.564361,3631.2,2.3,124.5
4156e8c3-5b1d-4a03-8e50-d2a99143a078,43,8,2026-05-05 09:10:29.564361,4314.93,3.6,90.1
bd4149ac-16a4-4cf5-816d-08e853fd7b19,15,15,2026-05-03 15:10:29.564361,7858.74,3.6,207.8
74ef6526-49a5-478e-8675-a4c1a4573c2d,14,8,2026-05-09 20:10:29.564361,4663.03,2.8,143.5
ecccd23e-de24-4029-b4e0-eeaeab8e2f10,25,3,2026-05-06 03:10:29.564361,3385.36,2.9,66.5
871a4dd8-29a8-4cef-948f-9db4095cd087,22,7,2026-05-07 16:10:29.564361,7505.98,4.9,21.6
12c96c26-9a61-4f53-b3e2-bf960dac4791,49,6,2026-05-01 17:10:29.564361,1256.41,2.7,236.7
3137ed8c-84f7-406a-8526-002eabf38372,2,9,2026-04-24 17:10:29.564361,12297.11,3.2,197.8
4085f6e4-4e5c-4abf-b1ba-5d6bb47564c6,10,6,2026-04-18 10:10:29.564361,11225.84,2.7,85.9
c8643957-be80-4d04-94d4-dd49f4d2317f,22,14,2026-04-30 15:10:29.564361,1286.79,3.0,236.9
46d61460-43d1-48c8-9428-042d50d5f81a,28,8,2026-05-11 08:10:29.564361,226.33,5.6,137.0
edb13615-3b7d-4d3f-a0db-07f34ae789ee,35,4,2026-04-20 22:10:29.564361,9393.44,5.1,241.3
a8039169-ee14-4d86-8fc6-918094dcd166,12,8,2026-04-24 23:10:29.564361,1435.19,4.5,200.5
7bdb9fbc-d74e-483e-ba7d-ecdd82998ca8,15,15,2026-05-01 05:10:29.564361,7642.36,5.2,82.6
2fd72cef-13c2-4323-a55d-798e841c8337,45,3,2026-04-18 09:10:29.564361,1687.23,2.1,94.1
b2158275-76bf-4726-b44a-1a6f29303075,48,12,2026-04-25 20:10:29.564361,4239.04,5.5,201.9
db29c6a5-15a0-49c7-b420-b6f0645e8625,16,14,2026-04-16 04:10:29.564361,9350.64,2.7,221.1
b8a13183-d2a3-4b65-ab7e-22f77c3fdeac,27,15,2026-04-19 18:10:29.564361,7562.7,2.3,184.2
80efb3bb-e303-41b9-b7e2-ce1813242849,28,13,2026-05-14 00:10:29.564361,7799.2,3.3,120.4
c26f7ba7-5020-4f9d-9794-069ecf3cd9c3,44,15,2026-04-27 00:10:29.564361,5162.85,3.3,47.6
e43827ed-1ed1-4523-a585-81bf66529d3b,28,5,2026-05-08 16:10:29.564361,3494.22,3.8,188.5
ab6a09f8-34b6-4a15-9254-5e5ea82a481f,23,9,2026-05-01 13:10:29.564361,10543.68,3.0,12.6
1c67a728-f97d-4533-a95c-eb0eabe5ddc7,16,13,2026-04-16 17:10:29.564361,3060.24,,172.0
dc24cf46-a575-4fb5-a699-684a34c42b03,9,6,2026-05-04 16:10:29.564361,11944.13,4.8,130.6
3e75df57-42e8-4414-bea8-7ec0b0ebf0ed,15,6,2026-05-05 18:10:29.564361,10898.65,5.6,62.0
d25f1e19-d714-4b88-be86-354e0cc73052,35,9,2026-05-13 04:10:29.564361,12818.69,2.0,46.4
ff6233b8-a839-43e7-b5a3-91950cccff22,46,2,2026-04-21 05:10:29.564361,8226.9,5.9,32.1
f35775c7-628d-4540-9414-cb19dc46eb65,49,4,2026-05-09 23:10:29.564361,10569.64,5.4,76.6
3b9678ee-fad0-46ee-a85c-60d4d069a8e4,3,3,2026-04-25 10:10:29.564361,7666.12,,240.9
d904951a-0ae2-4dd5-ba2e-15e390fb4b37,9,15,2026-05-12 14:10:29.564361,7637.36,2.9,34.5
cc50da4f-4fcb-432a-a6e5-81cd56dd2b9f,40,4,2026-05-02 00:10:29.564361,275.52,4.4,77.8
6a2e294e-c8ca-47ea-b118-5c46e8b0de9e,14,11,2026-05-15 00:10:29.564361,323.86,4.7,150.3
c3db4b2e-eede-4e47-a8e5-4acab7fccdd1,16,9,2026-05-14 08:10:29.564361,4136.86,5.2,145.5
f67c76dd-d7fe-4067-9f7f-acd1da88a237,5,5,2026-05-01 11:10:29.564361,3216.19,4.1,13.0
8ce89ad8-ef2f-413d-8028-24840012acb0,17,3,2026-04-17 15:10:29.564361,9084.75,,175.1
118762e3-dfe1-47fa-a407-642846d6a41d,12,8,2026-05-07 03:10:29.564361,2259.61,2.7,46.8
e0e2e235-b4d8-413f-ab8f-d6710e8c693a,38,5,2026-05-05 10:10:29.564361,3459.68,3.5,124.5
b18773a8-a13e-4bc4-8e1d-d433acbbf7f8,44,6,2026-04-17 15:10:29.564361,8599.21,4.5,22.4
06d3eca4-9268-45c4-bf6d-99f1ae6dc130,18,9,2026-05-02 03:10:29.564361,8647.61,3.9,115.4
dfe03770-f294-49d5-8f74-37a02f5c9200,49,13,2026-04-17 23:10:29.564361,4515.59,4.4,136.6
73e0a7ce-0e8c-4feb-b3e6-98e1315c75e1,46,1,2026-05-01 23:10:29.564361,270.75,5.2,145.2
836e7cc0-21ee-4621-828f-e79d27e6a65d,42,14,2026-04-26 13:10:29.564361,8858.48,4.5,32.9
c340b55b-8912-409c-ab22-f06e134b8288,39,3,2026-05-08 00:10:29.564361,378.88,-1.8,101.7
a10f5ef2-491c-47d5-b43c-8b97d09677bd,19,12,2026-04-26 23:10:29.564361,8631.54,3.2,206.8
912194d2-18ce-4f2a-9ab6-2187bb5b1eeb,28,7,2026-05-10 20:10:29.564361,122.15,3.0,19.6
e344d7ac-90df-4b08-aa3d-7b113fa89555,20,15,2026-05-03 09:10:29.564361,1720.0,3.5,34.7
410f1dab-c444-4a2f-ac37-776ebb65c2e7,40,12,2026-05-05 08:10:29.564361,767.47,5.8,168.8
3bcfb832-84e3-4234-be28-63b62697bb3b,10,9,2026-04-17 10:10:29.564361,8500.3,,160.8
94b21167-5787-4cdf-a47c-856cf9b1d568,9,6,2026-05-09 22:10:29.564361,12462.84,5.6,21.3
8d56ee82-4744-42de-b778-186985cd3c5b,40,14,2026-04-17 08:10:29.564361,6631.89,2.3,102.8
552d3d32-9f91-4126-9737-a1665ebbb134,21,5,2026-05-15 08:10:29.564361,3157.13,2.3,99.9
19e8e385-a92a-429c-87fb-4bc03f8af610,18,11,2026-04-18 18:10:29.564361,460.91,4.4,60.4
06f8353b-a858-42fc-8618-54e3dddc5278,3,3,2026-05-13 03:10:29.564361,8716.37,4.3,95.9
cb4276ce-96d3-4fce-9562-5abf60ff1cc3,36,9,2026-05-12 16:10:29.564361,7540.25,4.6,16.0
1f4d1032-5c13-4b13-89f3-cebbad528abe,1,1,2026-04-30 11:10:29.564361,1679.93,2.0,99.5
7f0b8226-834e-4296-b0f6-2cb2796e5a43,11,11,2026-05-02 08:10:29.564361,3248.61,2.9,247.1
cca46218-0f9d-4933-9ecc-ce1e024c5ce4,31,1,2026-04-19 08:10:29.564361,753.57,11.8,29.3
7fe9c1cc-5a5a-4015-aaf2-d6bdec3fab51,43,14,2026-05-12 01:10:29.564361,3817.08,4.0,36.9
3b5f4cc5-38f8-4e58-b1ed-e4b9dc2cbb5c,37,10,2026-04-24 20:10:29.564361,4555.66,4.2,26.6
14939e91-ef66-4af4-8a4d-52064df8b95a,47,11,2026-05-15 11:10:29.564361,243.86,5.9,122.1
8b2a1da3-7275-490f-822f-88830e324412,34,13,2026-04-28 13:10:29.564361,2420.93,5.3,178.7
52418464-5ec3-4423-8329-0f79249dba68,49,10,2026-05-06 05:10:29.564361,6467.44,4.2,45.5
29c345fb-629a-4875-bc7b-07944214b55f,24,15,2026-05-13 18:10:29.564361,2229.88,5.1,185.0
d609f7af-ce5f-4b44-9b34-1a79243d437e,40,2,2026-05-07 15:10:29.564361,5934.21,2.2,121.5
594e55f7-f8a8-4a48-99a9-ed19e21300aa,19,4,2026-05-12 12:10:29.564361,8577.56,2.2,187.7
90b50789-e04c-46b6-9360-086ddce4ef5a,28,7,2026-04-20 08:10:29.564361,9732.7,11.7,245.3
3fcbd391-ebcd-4bf8-91bb-532ba73c3943,32,12,2026-04-21 14:10:29.564361,3628.1,5.0,99.7
91d31e6f-3f3d-4b7a-9ab5-775774d223a4,50,11,2026-05-02 10:10:29.564361,4259.2,4.4,149.9
141fa576-376d-4c1b-96f4-38fda110fd9a,45,7,2026-04-18 07:10:29.564361,14195.14,8.5,20.3
7ea285eb-5ab0-44a5-83d4-8eb1506d664c,3,6,2026-05-11 20:10:29.564361,7322.62,2.1,121.8
3696bc6b-b267-41c2-b7a5-5104a49ee8ab,22,13,2026-04-25 18:10:29.564361,6609.8,3.4,202.1
78b6d83b-6419-46c5-aba4-9e2fd3d7e861,35,8,2026-05-09 06:10:29.564361,4706.04,2.4,5.6
7d80fcd2-15aa-4e45-8f55-e87a99d197f1,1,3,2026-04-18 20:10:29.564361,7060.48,5.1,166.3
0b659cf5-4ff2-4588-98f2-93581a266124,1,15,2026-04-18 18:10:29.564361,8782.5,2.3,104.8
28c56936-aa03-4d91-a51c-ca6939da1826,31,14,2026-04-21 02:10:29.564361,3378.91,5.8,22.7
694a5b2f-b882-48b8-bc45-b486d8bb8de4,19,13,2026-05-11 21:10:29.564361,2915.92,5.2,178.2
c02b874c-a0a1-4de2-9a0e-c4d5d0e8d0ee,2,12,2026-04-17 04:10:29.564361,6368.43,3.6,76.7
ecf832d5-c98c-4088-b362-cc799d010b7d,27,8,2026-05-06 22:10:29.564361,2315.43,5.9,152.9
431c8595-1031-4aea-9d62-63480f0a83e7,19,5,2026-05-10 13:10:29.564361,2757.98,3.8,206.3
7a972451-7767-484d-8b43-2f97c0aadc00,20,6,2026-05-03 05:10:29.564361,6653.89,3.2,143.0
e5a553b1-4dad-43d9-b089-a636c1caf6d5,13,4,2026-05-12 14:10:29.564361,10297.27,5.5,206.8
d7605eff-d65d-4b0e-9724-929c10f57811,11,15,2026-04-24 03:10:29.564361,5794.62,5.1,180.2
11ee3da1-34de-4a3c-a590-4d33da81149c,38,6,2026-05-02 14:10:29.564361,8353.22,5.8,25.3
cdd25fb1-86d7-4f90-b211-775d79cf1cdd,11,12,2026-05-09 16:10:29.564361,1321.34,4.3,227.3
a42c051d-3453-4df9-afe0-1f8e3a6d6554,13,3,2026-05-04 08:10:29.564361,3646.75,2.5,15.4
ac7563ed-ebc1-4fc8-a9ac-643e1cc7cbaf,33,13,2026-05-13 15:10:29.564361,6452.97,5.5,49.8
aa1f351e-e02e-47b6-a7be-390330da2768,44,8,2026-04-26 08:10:29.564361,3243.9,3.9,160.4
cb145fa6-81ad-4257-845f-665a9914a493,42,5,2026-05-01 20:10:29.564361,7154.78,3.9,32.2
29cd3d1a-8ce0-4636-9fa2-a202db37ec9b,35,14,2026-04-27 00:10:29.564361,592.14,5.3,213.3
7819835c-a97d-442e-b675-099602b579e5,9,9,2026-04-21 02:10:29.564361,10436.52,5.0,13.8
a2d5158b-9065-4abc-80e1-35fd53a8455b,24,9,2026-04-22 22:10:29.564361,1879.0,2.2,172.1
a246042c-3ff3-4ec2-b6c8-7648aca70772,1,6,2026-04-19 12:10:29.564361,4166.85,2.4,131.4
0aa66ca9-92f9-4b09-977a-7dbddfb66638,47,12,2026-05-06 01:10:29.564361,238.12,2.1,35.5
c28928c5-4ec4-493d-9da9-1e3e690105e6,35,10,2026-05-09 18:10:29.564361,3900.32,2.0,118.7
276562d2-6545-4e13-97c9-f346e8efbea5,26,4,2026-04-20 16:10:29.564361,4512.87,4.1,244.1
2dea1123-42ea-428f-8ff6-8668c0984d3a,42,11,2026-05-12 06:10:29.564361,3853.27,2.1,76.9
6c545bde-35fc-462e-94f5-f206c41cfaa9,7,1,2026-05-05 03:10:29.564361,106.29,5.9,212.5
224c1ef0-6091-4014-a440-1ee0290eba86,32,9,2026-04-25 23:10:29.564361,11182.26,3.6,79.2
3c7a3acc-9685-430f-8086-52a03437a098,29,3,2026-04-23 17:10:29.564361,5770.94,4.7,147.6
50a1f91d-8dfa-4b36-b9fd-bca8d4dd60d8,9,8,2026-05-07 20:10:29.564361,2567.93,4.2,195.3
b0416e2a-01f9-4ede-86ac-178eec19b065,26,1,2026-04-26 22:10:29.564361,754.73,4.3,41.0
a97a82e0-cfbf-4b16-a256-dc87c30bde6b,8,5,2026-04-22 19:10:29.564361,5592.54,3.4,229.8
3051ec41-5331-4690-ba37-73b11c38c4d3,47,8,2026-04-24 05:10:29.564361,389.25,9.2,106.8
198885b3-9125-48a5-aabd-2d6e0bbf76f9,27,6,2026-04-17 06:10:29.564361,5112.89,4.5,232.5
044825e7-13ec-42a5-803a-1fd8c265c8c4,18,14,2026-04-29 01:10:29.564361,1794.89,5.5,122.9
66bdf845-8286-4e8a-8ef5-1150156458d5,43,13,2026-04-26 16:10:29.564361,1387.79,3.6,166.5
d1248191-1d7c-4b93-88c6-55ed4470c314,16,9,2026-04-18 18:10:29.564361,7150.04,4.1,58.7
8d7f1c2e-e7db-4ef1-94dc-e305a33815e7,25,5,2026-05-03 10:10:29.564361,2591.75,-4.9,227.4
c13f1164-8ed2-4218-bc61-e4f85b46f741,17,2,2026-04-26 02:10:29.564361,5001.72,2.6,121.8
1d232b19-32f0-41a2-970d-9c7b7801bd36,47,4,2026-05-14 16:10:29.564361,6584.02,5.1,214.5
b4f660b5-4003-444a-bdaf-577b6b17b042,9,12,2026-04-20 01:10:29.564361,7473.56,5.2,16.3
a3256873-3405-405e-86a9-09a1d94c5771,40,10,2026-04-17 14:10:29.564361,6951.3,2.1,122.8
8d896d83-88d3-4dbb-9d26-6bac0b45db1b,45,13,2026-04-24 19:10:29.564361,2815.52,6.0,16.0
e5dfe667-1913-4562-a47d-617ab7839966,7,13,2026-05-01 18:10:29.564361,3789.11,5.8,146.4
338f374d-9a27-4685-a0f2-cabde46116ad,17,14,2026-05-03 04:10:29.564361,2459.41,4.6,63.9
f0bec275-3bee-4864-b4be-f309b8f03740,26,10,2026-04-28 11:10:29.564361,1056.95,2.2,13.8
7fa95f83-4e99-4994-81e7-e58de2672479,22,1,2026-04-17 15:10:29.564361,1413.53,3.7,147.1
ddc2dc07-5cce-44d5-8b9d-db18c871e576,12,3,2026-05-11 10:10:29.564361,2755.46,5.8,223.7
e8aa0801-e187-4e3e-9327-d0ebe665ca8c,14,5,2026-04-19 14:10:29.564361,6840.15,4.4,50.6
bb69c313-765b-4f70-a149-aa93d8f0374b,48,3,2026-04-22 05:10:29.564361,2046.51,5.8,129.2
807482bf-16e4-42b5-a20a-887cede61346,47,3,2026-05-08 23:10:29.564361,547.83,3.4,207.1
f4ea93d7-ba1b-4767-9878-819f8c1eebce,49,2,2026-05-08 12:10:29.564361,2755.24,-4.1,149.7
64012a0d-d4d9-4254-ad31-91523f688d3c,6,12,2026-04-20 01:10:29.564361,1985.27,11.4,183.7
96a733aa-844b-4c89-9cd5-df38a7df58de,12,12,2026-04-21 10:10:29.564361,6332.64,3.7,79.2
0351be57-0cc6-44dd-8c34-0944f3c836d8,37,14,2026-05-10 07:10:29.564361,7777.73,5.6,202.6
1f5689ac-1cfb-444b-a77f-596d09166628,16,7,2026-05-09 13:10:29.564361,5663.71,2.3,138.4
dc38d490-7e7b-49e9-b631-2284e5540b7a,32,10,2026-05-11 17:10:29.564361,7437.94,2.2,70.0
19eb374a-9d31-4ca9-859c-d7c2374c4c5b,48,4,2026-05-05 06:10:29.564361,10209.1,4.1,129.7
11ee7efd-b04f-43d3-9b38-6ca9d88909de,17,4,2026-04-24 15:10:29.564361,2350.2,5.2,34.9
fd1cedc8-465b-4dcf-838b-ae52491014ba,39,10,2026-05-14 08:10:29.564361,390.06,2.9,168.0
52f56118-8bcd-4e1a-a62f-b20b7e5c7c6e,3,5,2026-05-02 08:10:29.564361,10387.85,4.0,98.2
606cd5bb-7dee-4998-a604-f4c8d4516734,36,15,2026-04-19 09:10:29.564361,327.28,5.2,155.9
82b1cc63-8ae9-4417-bc60-8b7effecfb6f,4,2,2026-05-09 10:10:29.564361,6738.22,3.7,80.7
584f891d-fc67-43b9-a46b-a32b02cf5973,40,6,2026-04-28 07:10:29.564361,11420.05,2.5,217.0
c5b8ce52-9e3f-4483-b920-264c4048cea6,31,4,2026-04-19 03:10:29.564361,4204.14,5.2,66.4
01eed7b3-8655-4fe9-9aae-7c67b6c4b12b,3,8,2026-05-03 07:10:29.564361,4665.86,2.7,50.8
3f1c283f-d9f3-4f1b-8884-170acec228c4,11,12,2026-04-20 03:10:29.564361,5940.15,3.6,21.7
e73e47fb-c8a2-4e3f-a206-ddffab682e3b,33,11,2026-05-15 09:10:29.564361,2112.37,2.2,96.6
6c2c45eb-0277-412d-b938-827785205bf5,33,4,2026-04-28 11:10:29.564361,9601.43,3.7,189.0
e4992ab5-9ffc-4584-8b6f-ca64fd17a157,20,8,2026-05-14 15:10:29.564361,1384.88,2.3,132.1
24446b62-cd20-47da-9427-c26170073959,2,1,2026-04-20 20:10:29.564361,4652.15,4.3,55.1
75f27428-22e0-46b2-823e-d0727fe2d903,12,1,2026-04-21 18:10:29.564361,1054.8,3.1,165.9
69079e65-b6d6-4f14-b717-4a9109a7cd5b,26,6,2026-04-26 14:10:29.564361,1189.26,3.2,27.6
748789ce-5858-4fca-af23-851ae9594aab,19,12,2026-05-04 18:10:29.564361,6195.95,8.3,115.4
eb492bbd-4ea7-4f80-8f95-dda22a46a752,41,6,2026-05-11 19:10:29.564361,3630.77,,47.7
5c46a002-ef77-4499-a429-d4109469d552,26,3,2026-05-10 01:10:29.564361,5855.23,2.0,194.2
0b2d08f9-9aba-4aca-a1a8-df3933f4beac,34,4,2026-05-15 04:10:29.564361,5875.35,,147.8
3d3db9da-1d96-4c6c-bc15-0638e4663c6b,9,1,2026-04-19 10:10:29.564361,4552.75,2.8,169.8
ebceffd4-4c7e-4118-9c5c-404bad0ed71e,17,6,2026-04-25 09:10:29.564361,10610.97,2.3,202.8
f96b6861-d5df-4885-8a9f-9217b69d1fe2,15,15,2026-04-19 00:10:29.564361,6303.15,4.2,169.3
10be0c05-5918-4acf-a675-ec7f526625b6,20,2,2026-04-27 23:10:29.564361,6247.54,5.6,12.2
aac4cc8b-adfd-42bb-8e2a-5f5d2908712f,46,1,2026-04-20 02:10:29.564361,1251.15,4.9,153.6
4a0cc1ad-39ff-47d7-9846-8b9be3912edc,16,11,2026-05-03 07:10:29.564361,1648.61,4.0,74.4
57efbc7d-bd2d-401f-ba26-533300da51ea,46,8,2026-04-18 01:10:29.564361,2488.29,3.2,193.8
cc5c88e9-d486-4805-80e1-35d712eb8dd1,9,1,2026-05-13 21:10:29.564361,3818.69,5.7,215.7
5c6b0d26-13ca-4334-b11f-bdd09c214632,21,2,2026-04-17 02:10:29.564361,6096.77,4.1,40.4
0e8ccd00-132b-4dc3-a9a0-16d61b422f9f,28,15,2026-05-02 17:10:29.564361,7176.13,2.8,149.6
32564573-c8f3-4cd7-977d-8bbd6250db7d,43,7,2026-05-07 15:10:29.564361,13218.62,3.6,165.5
77daa1f8-089c-442a-8c5a-4a98ff440c38,38,1,2026-04-21 12:10:29.564361,846.15,4.7,221.0
154ae61f-89da-4529-b23d-bb210be67ffa,47,13,2026-05-05 10:10:29.564361,1138.06,3.0,131.2
719dbd38-9f0b-48bf-a7c8-5aea2b3182ef,25,7,2026-05-06 11:10:29.564361,12447.8,5.2,197.7
a3ac92a6-f173-4808-946f-179be379796b,42,14,2026-05-02 01:10:29.564361,2652.09,5.6,24.0
c121a962-4bb1-4e08-8665-3e7319d7b04f,35,13,2026-04-22 13:10:29.564361,5003.03,3.4,118.2
57d9d68e-8302-4391-93df-c813f0c6de5c,22,14,2026-04-24 06:10:29.564361,6432.27,2.9,33.8
c551788a-6b5d-4995-9e3b-993f0c51c2b5,40,1,2026-05-05 17:10:29.564361,2573.28,4.2,89.6
8778ecbb-aec9-458d-9b68-33375ca1597e,43,14,2026-04-25 10:10:29.564361,2370.45,2.9,132.2
b871b364-a88c-41d9-aa04-b3710fe1fc8f,11,12,2026-04-28 22:10:29.564361,642.68,2.9,240.2
b034581f-1d93-4bef-8a71-1ff4aec4a3db,43,8,2026-05-14 00:10:29.564361,2033.35,4.8,177.0
c945216d-0759-4b4f-b045-441b9dba77b7,29,1,2026-05-02 17:10:29.564361,2015.61,4.1,33.3
fa728b6a-7b26-4977-8ed7-0af4c4b26f7c,29,1,2026-04-22 15:10:29.564361,3318.14,5.6,55.1
1b6ae637-e500-4918-9de5-6cef5264bada,39,1,2026-05-05 16:10:29.564361,184.28,3.9,142.4
6916fe13-3c98-41d9-bc9a-3b98418a1bbd,43,5,2026-05-11 07:10:29.564361,241.2,5.3,206.2
c8daf753-4fe9-4a12-b2b5-225f5082b427,44,9,2026-05-04 13:10:29.564361,11300.55,5.4,221.2
b7b77014-0aec-487d-bfd1-2d1ec7d18bfb,11,3,2026-05-06 05:10:29.564361,3745.57,2.8,21.4
593c8d15-8810-424d-89ff-6ae59412a218,6,6,2026-04-27 06:10:29.564361,7765.92,4.6,23.2
3ba40aa7-c57d-4799-b82c-d734f437855a,13,2,2026-04-28 13:10:29.564361,4174.64,3.3,58.9
fe216f81-2580-4359-96d5-c284a63bcb04,14,6,2026-04-23 14:10:29.564361,5329.47,4.6,178.6
1f44f6c5-8e31-4d2f-b225-e4527b26eda8,30,11,2026-04-25 17:10:29.564361,3176.83,0.6,16.9
a13cffa0-59b5-46c5-a282-d5fe486cd239,8,4,2026-04-23 20:10:29.564361,7473.19,5.0,8.6
a54c8405-0c76-4a11-98f1-4860547cc585,44,3,2026-05-13 22:10:29.564361,6327.35,2.6,68.3
2168353d-33b7-48b4-8b0a-58501e6dcc41,3,15,2026-05-05 19:10:29.564361,12164.08,3.2,106.7
99a9e4bb-d2bf-4917-9ad2-e315978cd8a5,16,11,2026-04-22 23:10:29.564361,1559.29,3.7,227.4
c25a7b08-16ed-4b5f-8502-b1f554f00979,11,12,2026-04-30 07:10:29.564361,823.53,5.3,166.6
c11a45c0-81f8-4e68-af2f-05c030b8b2d1,38,1,2026-05-10 06:10:29.564361,3060.94,4.1,207.3
445dbaf1-e0a4-4e35-adc3-0f10620d148c,46,5,2026-04-27 19:10:29.564361,11756.31,5.3,118.1
c11bc1c0-3275-4739-ac8b-328d01ce0fb5,6,7,2026-05-09 11:10:29.564361,11047.33,2.9,118.7
ff53f8d5-d98f-48de-9f88-a16dd9704a0f,6,6,2026-05-14 12:10:29.564361,12671.77,5.4,197.0
2f0ccdb2-7cf2-4704-add0-99fc29080ffe,46,9,2026-05-12 15:10:29.564361,4702.86,5.3,212.0
98636c7d-e2b3-4533-a79d-ac5b8ce48702,33,11,2026-05-06 21:10:29.564361,541.37,5.0,202.6
a0b9d931-34c6-4b96-8ae2-9b11f658cb2d,3,10,2026-04-27 18:10:29.564361,5468.93,5.8,223.5
f06fe7d2-7069-4d3a-89b4-8d8b5dda0ec2,11,5,2026-05-15 07:10:29.564361,4517.58,,9.2
6304e7cb-3adf-41ef-bf25-0acf5328e40c,50,8,2026-05-01 19:10:29.564361,281.06,4.3,158.0
dddffdb1-8cbf-406a-9c2b-a38b16b30a4f,10,5,2026-05-03 19:10:29.564361,14118.11,4.8,100.4
3b60497a-d256-4220-8387-dc877e008fa9,48,4,2026-05-04 14:10:29.564361,13233.78,4.1,56.9
f45ec10c-fd0b-4a3a-b289-a1aa9c51cac7,21,3,2026-04-27 09:10:29.564361,6205.38,4.4,18.1
32712f8d-c1c9-4e2a-8378-152210e8bd1e,18,11,2026-05-12 14:10:29.564361,4115.93,4.5,18.3
1a1ee5ed-2f93-4cdd-8d0c-53466e25e89d,25,11,2026-04-24 13:10:29.564361,1380.09,4.4,48.9
c8820d16-4933-4e07-9f00-ee740109128f,22,12,2026-05-07 09:10:29.564361,6376.95,2.1,195.9
5f6f96e1-d1cd-4036-97f4-07accc575010,43,7,2026-04-30 03:10:29.564361,6536.45,4.6,238.6
bd854d3c-d699-4046-ae35-875488f26c4d,13,13,2026-04-16 20:10:29.564361,7937.64,5.0,28.3
97bd4a52-56d1-4774-8e38-f9a9840cfe50,22,11,2026-05-04 23:10:29.564361,409.35,4.5,65.3
d90ef0db-25d5-4895-be16-c9b59590c5e8,43,14,2026-04-22 07:10:29.564361,8212.17,4.9,75.2
d2c416c2-e7d7-404a-ad17-7a540f189fc9,9,15,2026-04-18 10:10:29.564361,524.87,5.9,118.9
ad648e5e-0f86-4e9f-9599-868d9378c70e,30,15,2026-04-29 11:10:29.564361,5017.23,4.7,223.5
f402d45c-1706-4146-af2f-ebdeea58a7cf,19,13,2026-04-29 02:10:29.564361,7520.45,3.9,18.5
ba10026a-fa33-4b71-8660-85f7456695d6,10,8,2026-05-05 06:10:29.564361,784.83,5.9,112.7
2b912f2a-ff54-4854-aa53-4257a54feca9,23,8,2026-04-23 02:10:29.564361,1617.08,2.5,67.8
9e15b386-7653-4f47-a6be-d559009446dc,36,1,2026-05-14 04:10:29.564361,390.93,2.6,88.9
a07341ad-f1dd-498a-a6af-fddd202852bb,24,15,2026-05-09 14:10:29.564361,1494.95,4.5,43.2
8b0abb50-bf9f-4ae3-baca-15c8a23be547,10,6,2026-04-23 05:10:29.564361,4510.41,,47.7
1f143e87-91b1-4694-807c-5867640bbadb,17,7,2026-04-16 14:10:29.564361,14026.92,3.1,94.1
25de357e-edba-41ad-ab3b-45787949cfd4,13,6,2026-05-10 07:10:29.564361,7843.41,2.8,16.0
82b3a5e0-5cdc-48ec-b8e3-863e32309290,39,7,2026-04-28 08:10:29.564361,10927.02,-1.3,125.7
9ca041fe-cd6c-4c28-a9d4-c3530b27adb8,38,12,2026-05-03 22:10:29.564361,1199.91,4.8,107.0
4610a98e-b721-4e25-bc0d-efad6e542485,40,14,2026-04-28 04:10:29.564361,9043.58,4.3,125.0
3168752a-c3d5-438f-9b63-234147fe9207,4,15,2026-05-12 22:10:29.564361,13292.37,2.5,214.4
bf92463e-d15d-407f-a637-68e4213f2f2a,30,5,2026-04-17 18:10:29.564361,2687.15,5.7,242.6
5827b95d-572c-40ee-b7af-a7a023bf963e,6,8,2026-04-28 18:10:29.564361,4465.86,4.9,145.4
62a8cffd-f746-4b5a-aa5c-a72167ab1e29,25,5,2026-04-24 12:10:29.564361,12468.12,2.0,218.3
d721065d-7877-40d3-976a-590cdcfd081d,49,2,2026-05-05 11:10:29.564361,7152.5,3.4,28.0
422fdb44-ca6c-4a7a-8abe-0cb3eefce01e,8,10,2026-05-03 04:10:29.564361,8979.86,5.1,149.5
d7ff4c3d-83a0-4c84-bb33-42c004269535,49,5,2026-05-13 07:10:29.564361,8805.84,4.8,234.1
1b94a34c-fddf-4cba-8444-dd13ffe18d44,29,2,2026-04-29 09:10:29.564361,1704.66,,55.1
5f42c1ad-3e7d-4f58-893d-c563d4cabcc6,17,7,2026-04-23 10:10:29.564361,8804.08,4.0,17.3
81bcf300-1eb5-42fa-9802-3b2e1bb4f469,30,4,2026-04-16 11:10:29.564361,13236.63,5.0,57.8
4b9d8f03-2628-4788-9c7f-28bd38b1a72f,12,15,2026-04-16 04:10:29.564361,1679.04,2.7,98.0
5279fca5-6ecf-475c-9968-73a4869bddbc,42,8,2026-05-15 10:10:29.564361,3591.08,2.9,171.0
d7014aa4-ffeb-4226-b4d9-76c9636f8636,40,5,2026-05-08 15:10:29.564361,5580.61,0.8,74.3
37a8ce7c-0bcb-48bf-92ea-28aa43b38fb0,11,3,2026-05-09 08:10:29.564361,3222.73,10.0,171.2
eabaa101-dfe7-493d-8c06-6f6d3e21ec24,28,6,2026-04-16 21:10:29.564361,13502.33,3.1,74.0
32ac5da3-1b29-4a62-be58-aacb7cac0df5,13,10,2026-05-05 08:10:29.564361,6738.71,3.2,88.3
428fb840-a48b-4555-9a70-5c9d92c70196,28,8,2026-04-16 01:10:29.564361,1696.75,2.7,96.3
d7a751cc-1d45-46a7-bab7-729ef45e1b5e,38,4,2026-04-27 00:10:29.564361,3495.85,3.4,115.0
ebfe00b8-4b09-4fb0-982f-0f956e842998,34,15,2026-04-18 15:10:29.564361,6764.09,5.0,146.6
82c70b41-4fe2-4b51-907d-1ef20210b4cb,24,3,2026-04-19 18:10:29.564361,7216.25,10.3,180.7
6b0b2619-e11f-4992-ad65-b29f844e01f5,31,7,2026-05-03 11:10:29.564361,10818.12,2.4,112.8
a0159f12-c75b-4851-9bbb-da029534a163,30,2,2026-04-18 12:10:29.564361,4141.6,4.9,135.2
ac1c22fc-1d21-4e22-9bd3-b2b9016b4da4,15,6,2026-05-11 05:10:29.564361,8534.56,2.5,138.9
ba4bf69e-5511-4e7e-a215-ece6d5feddd0,43,1,2026-05-01 03:10:29.564361,3508.45,5.3,143.8
2e2a6078-eae0-490d-a0e6-60992582a031,3,7,2026-04-23 09:10:29.564361,8032.2,3.0,196.1
201c4712-7a1d-41d8-895f-98db16c146b4,45,10,2026-05-06 14:10:29.564361,3498.49,2.9,224.4
cfadf2db-eca4-4faf-8f3f-130a53d946c0,1,2,2026-04-23 10:10:29.564361,6291.95,2.7,144.2
832dad21-2864-490b-b531-ef41fe1592db,28,15,2026-05-11 00:10:29.564361,549.67,2.6,33.3
575420df-0f46-49a5-a20f-2d73e3b3fde7,12,9,2026-04-16 14:10:29.564361,3188.38,2.6,173.7
7a971a57-f9fc-46bb-b7d6-39e3fa0ad4e8,21,10,2026-04-30 08:10:29.564361,818.53,2.6,17.7
2bf0e41e-5930-4f55-af4c-720126ca1ea7,26,6,2026-04-28 08:10:29.564361,11909.46,4.3,49.8
59dd5586-d517-4b25-9cb5-7486f7a18129,15,8,2026-05-07 04:10:29.564361,2234.93,2.5,233.8
1f8e19e5-2392-4c08-9071-5cf4daf7d244,23,1,2026-05-09 17:10:29.564361,251.86,2.6,165.8
7a814a3a-0b13-40f2-8ae2-b4134e538539,4,2,2026-05-02 05:10:29.564361,8041.71,4.0,194.5
eaa770b3-6960-4458-862b-dda0e521177a,44,15,2026-04-18 08:10:29.564361,9272.54,5.8,16.5
